{"initial_reset_timestamp": 301.574564489, "timestamps": [306.442492426, 312.265673452, 318.088128804, 323.901400832, 330.234017475, 336.044749003, 340.840785142, 346.661266915, 350.936609161, 356.757891125, 362.577530893, 368.399132134, 374.210087824, 380.035483537, 385.852802721, 391.670476051, 397.498658452, 400.754680882, 406.58155878, 412.411921378, 418.227818089, 424.047502806, 430.390430114, 436.209917177, 442.028812504, 446.827178765, 453.688062593, 457.4613992, 463.297957448, 469.124306992, 474.949276334, 480.774724582, 486.600906918, 492.427615362, 497.739471216, 503.051621024, 508.882636084, 515.231584768, 521.060191377, 527.399734444, 533.222504034, 539.0468426, 544.873297412, 548.134437546, 553.970978728, 559.801830431, 565.624469141, 571.447892313, 577.785148926, 583.606714773, 589.430947619, 595.254662054, 601.077655788, 604.346677303, 610.187143353, 616.014784659, 621.840610449, 627.664248544, 633.489436492, 639.314519382, 645.135318177, 649.422917884, 655.249687192, 661.073437922, 666.893904341, 672.713746927, 678.536020113, 684.364781243, 690.193554905, 696.011953174, 701.317961402, 707.660462479, 713.478977038, 717.760205659, 723.588822364, 729.421334609, 735.754926312, 741.570613773, 747.388573951, 753.215164713, 759.032844183, 763.32453214, 769.146951066, 774.978751568, 780.805038926, 786.626935177, 792.464035365, 798.294645666, 804.117949766, 809.944730077, 815.765522809, 822.111052494, 827.934933084, 833.763880391, 839.086813371, 844.917363328, 850.747211728, 856.575063381, 862.405213791, 868.230745025, 874.055967988, 879.894790712, 885.719998724, 891.54556106, 897.375509977, 901.661772211, 907.493017451, 912.811733141, 918.648908808, 923.959506108, 929.785059917, 935.611818508, 941.438674982, 947.270834911, 953.100135979, 958.918596333, 964.743193292, 968.019634903, 973.869789105, 979.700208082, 985.534905648, 991.884631964, 997.717863564, 1004.0639439, 1009.8904179, 1015.715346889, 1021.537085298, 1027.882777573, 1033.712815506, 1039.538876557, 1045.876337833, 1051.702764717, 1057.529426675, 1063.358305412, 1069.185398088, 1075.013078357, 1081.355260758, 1087.184523798, 1093.012920553, 1098.841660272, 1104.146060887, 1110.501515606, 1116.331005921, 1122.161783592, 1127.984114474, 1133.809078691, 1139.643321266, 1145.472843661, 1151.301445922, 1157.122969157, 1162.957135221, 1168.787710887, 1174.621382163, 1180.455126854, 1186.281135164, 1192.624158769, 1198.449179433, 1204.276841462, 1210.103404024, 1216.440137903, 1222.275598056, 1227.580333989, 1233.432453681, 1237.72754978, 1244.083050257, 1249.911326363, 1256.246670367, 1262.07439568, 1267.900462369, 1273.72939951, 1276.992619427, 1282.836235331, 1288.664699303, 1294.491378929, 1300.319793182, 1306.667926726, 1312.500456872, 1318.32738385, 1324.149817471, 1329.977308228, 1335.802692865, 1341.642363324, 1347.981445996, 1352.26904909, 1355.531320439, 1361.36690132, 1367.200848612, 1373.037281664, 1379.382053542, 1385.210300992, 1391.037271218, 1396.869127971, 1400.132503159, 1405.985430307, 1412.332882344, 1418.167520192, 1422.96996178, 1428.799435643, 1434.626917145, 1440.966802742, 1446.793618019, 1452.620475274, 1456.916309968, 1462.242569619, 1468.075424064, 1473.905751034, 1479.736777649, 1485.564830134, 1491.393089489, 1497.222139081, 1503.560662135, 1509.389070668, 1515.727130986, 1522.067490442, 1527.892793026, 1533.213799278, 1539.038541065, 1544.865670042, 1551.208822464, 1557.034983404, 1562.869556334, 1568.696692596, 1575.05236536, 1580.886547212, 1586.20100667, 1592.024448251, 1594.773490852, 1600.607659141, 1606.437733704, 1612.265379158, 1618.095346075, 1623.931469248, 1629.76047315, 1636.104020951, 1641.921626512, 1647.76448147, 1652.044055092, 1658.917149079, 1664.747575781, 1670.568015736, 1676.411874876, 1682.241706368, 1688.582246378, 1694.407800408, 1700.751980546, 1706.578526244, 1712.411754793, 1718.242437051, 1724.070533203, 1729.905634755, 1735.733725037, 1741.562486532, 1747.905858559, 1754.250513967, 1760.592495277, 1766.412278741, 1772.767694462, 1779.104988467, 1784.933998294, 1790.765122594, 1796.590030921, 1802.420436195, 1808.769636536, 1815.111124735, 1820.945969724, 1826.264126695, 1832.104029425, 1837.930075239, 1843.765700169, 1849.594125642, 1855.423220511, 1861.251817885, 1867.088910777, 1870.351615953, 1876.192066524, 1882.534314884, 1888.365950604, 1894.206489934, 1900.040342118, 1904.84829703, 1909.146329849, 1914.966112374, 1920.785630746, 1926.613180106, 1932.431526097, 1938.259606197, 1945.105457181, 1950.923919487, 1956.742563129, 1962.573981384, 1968.905407382, 1974.20995583, 1980.551541276, 1986.372377512, 1992.190862886, 1998.006896118, 2004.344921394, 2010.674651027, 2013.929090927, 2019.755868543, 2025.582764024, 2031.400559371, 2037.216674931, 2043.045614715, 2048.864672453, 2054.691488581, 2060.510662432, 2066.340275519, 2072.669754125, 2078.490154237, 2084.317643166, 2090.654162937, 2095.445001796, 2101.27085703, 2107.088501783, 2112.90426949, 2118.722978848, 2124.55072179, 2130.366809317, 2136.1946021, 2140.473849983, 2146.301741778, 2152.119706189, 2157.939646575, 2161.717720465, 2168.059747206, 2174.380586009, 2180.206856732, 2186.025115098, 2191.851851393, 2197.666934514, 2200.921547915, 2206.7488802, 2212.579119299, 2218.395950699, 2224.21563929, 2230.032460383, 2235.859635196, 2241.677794264, 2248.007012671, 2253.836364782, 2259.140878926, 2264.967291533, 2270.784067193, 2276.6201021, 2282.439078148, 2286.219079095, 2292.035498499, 2297.864355007, 2302.143719449, 2307.970337078, 2314.304735021, 2320.132014468, 2325.949994819, 2331.790549581, 2337.611107082, 2343.438796327, 2349.770018401, 2356.10086165, 2361.918659828, 2368.248851384, 2374.076556231, 2379.891348515, 2385.709413691, 2390.511624913, 2396.328135344, 2402.669806796, 2408.477749377, 2414.296122541, 2418.58897495, 2424.418996314, 2430.238380172, 2436.064781351, 2441.882872696, 2447.700765452, 2453.517443047, 2459.346662948, 2465.163487631, 2470.984674048, 2476.814609969, 2482.636253315, 2488.45223946, 2494.281671895, 2500.611306519, 2506.431518367, 2512.262090981, 2518.083625734, 2523.902833228, 2529.732062721, 2535.551450204, 2541.887472668, 2548.218446839, 2554.047730745, 2559.869216892, 2566.199674399, 2572.018903471, 2578.360811161, 2584.178566427, 2589.995128311, 2595.813688307, 2601.629105045, 2607.455667705, 2613.283877312, 2619.101475028, 2624.929338516, 2630.748678671, 2636.568560564, 2642.39957263, 2648.217152665, 2654.036851266, 2659.869077815, 2665.68945102, 2671.519314165, 2677.338608631, 2683.154609898, 2688.980321573, 2694.799052182, 2700.625815193, 2706.449403093, 2712.282326299, 2718.106186355, 2724.441732108, 2731.288298176, 2736.60155493, 2742.932986204, 2748.76611231, 2754.58928231, 2760.415974443, 2766.245595771, 2772.070879733, 2777.893286641, 2783.712626803, 2789.540459385, 2795.361288729, 2801.195428948, 2807.011664295, 2812.835722954, 2818.667677297, 2824.492164135, 2830.82375805, 2836.641505535, 2842.461904935, 2848.292641209, 2854.113855005, 2859.943681384, 2866.278205758, 2872.098729489, 2876.384951759, 2882.214139101, 2888.54647228, 2894.38111924, 2900.716667761, 2906.537120273, 2912.369227163, 2918.193730844, 2924.013331114, 2929.322416616, 2935.157105492, 2939.440844943, 2945.271901778, 2952.113673079, 2957.934407234, 2963.760653936, 2969.580592344, 2975.408470868, 2980.202188274, 2986.530373197, 2992.351423304, 2998.174152264, 3004.004004912, 3009.820412108, 3015.125885597, 3020.953332872, 3026.772043835, 3032.598791736, 3038.416350057, 3044.232489807, 3050.572301403, 3056.39051371, 3062.216121843, 3068.032921741, 3073.849815043, 3079.678801916, 3085.498307383, 3091.824785832, 3098.163760842, 3103.9799303, 3109.798263048, 3115.623573963, 3121.957829525, 3128.284861263, 3134.102225055, 3139.416468815, 3145.233709395, 3151.052273753, 3156.881889731, 3162.699361943, 3168.516217227, 3174.343693373, 3180.160926996],